/*
 Navicat Premium Data Transfer

 Source Server         : localhost
 Source Server Type    : MySQL
 Source Server Version : 50722
 Source Host           : localhost:3306
 Source Schema         : tally

 Target Server Type    : MySQL
 Target Server Version : 50722
 File Encoding         : 65001

 Date: 22/12/2018 14:08:33
*/

SET NAMES utf8mb4;
SET FOREIGN_KEY_CHECKS = 0;

-- ----------------------------
-- Table structure for income
-- ----------------------------
DROP TABLE IF EXISTS `income`;
CREATE TABLE `income`  (
  `id` int(11) NOT NULL AUTO_INCREMENT,
  `year` int(12) DEFAULT NULL COMMENT '年',
  `month` int(12) DEFAULT NULL COMMENT '月',
  `money` decimal(12, 4) DEFAULT NULL COMMENT '收入',
  `source` varchar(255) CHARACTER SET utf8 COLLATE utf8_bin DEFAULT NULL COMMENT '来源',
  `createDate` datetime(0) DEFAULT CURRENT_TIMESTAMP COMMENT '建立时间',
  `updateDate` datetime(0) DEFAULT CURRENT_TIMESTAMP COMMENT '修改时间',
  `userId` int(11) DEFAULT NULL,
  PRIMARY KEY (`id`) USING BTREE
) ENGINE = InnoDB AUTO_INCREMENT = 19 CHARACTER SET = utf8 COLLATE = utf8_bin ROW_FORMAT = Dynamic;

-- ----------------------------
-- Records of income
-- ----------------------------
INSERT INTO `income` VALUES (1, 2018, 6, 8003.9700, '实发工资', '2018-08-10 20:50:06', '2018-08-10 20:50:06', 1);
INSERT INTO `income` VALUES (2, 2018, 7, 7935.0000, '实发工资', '2018-08-10 20:51:01', '2018-08-10 20:51:01', 1);
INSERT INTO `income` VALUES (3, 2018, 7, 4200.0000, '公积金提取', '2018-08-10 20:51:22', '2018-08-10 20:51:22', 1);
INSERT INTO `income` VALUES (4, 2018, 1, 7935.0000, '实发工资', '2018-08-10 20:52:25', '2018-08-10 20:52:25', 1);
INSERT INTO `income` VALUES (5, 2018, 2, 7935.0000, '实发工资', '2018-08-10 20:52:54', '2018-08-10 20:52:54', 1);
INSERT INTO `income` VALUES (6, 2018, 3, 7935.0000, '实发工资', '2018-08-10 20:53:15', '2018-08-10 20:53:15', 1);
INSERT INTO `income` VALUES (7, 2018, 4, 7935.0000, '实发工资', '2018-08-10 20:53:33', '2018-08-10 20:53:33', 1);
INSERT INTO `income` VALUES (8, 2018, 5, 8348.0000, '实发工资', '2018-08-10 20:53:56', '2018-08-10 20:53:56', 1);
INSERT INTO `income` VALUES (9, 2018, 4, 6000.0000, '公积金提取', '2018-08-10 21:34:53', '2018-08-10 21:34:53', 1);
INSERT INTO `income` VALUES (10, 2018, 4, 1000.0000, '房租押金退还', '2018-08-10 21:51:48', '2018-08-10 21:51:48', 1);
INSERT INTO `income` VALUES (11, 2018, 8, 7935.0000, '实发工资', '2018-08-10 20:51:01', '2018-08-10 20:51:01', 1);
INSERT INTO `income` VALUES (12, 2018, 9, 1813.2200, '工资', '2018-10-20 20:18:38', '2018-10-20 20:18:38', 1);
INSERT INTO `income` VALUES (13, 2018, 10, 6000.0000, '公积金提取', '2018-10-29 21:27:26', '2018-10-29 21:27:26', 1);
INSERT INTO `income` VALUES (14, 2018, 10, 8225.0000, '工资', '2018-10-31 21:35:53', '2018-10-31 21:35:53', 1);
INSERT INTO `income` VALUES (15, 2018, 11, 88.0000, '理财收入', '2018-11-17 12:41:46', '2018-11-17 12:41:46', 1);
INSERT INTO `income` VALUES (16, 2018, 11, 8225.0000, '实发工资', '2018-12-01 18:46:03', '2018-12-01 18:46:03', 1);
INSERT INTO `income` VALUES (17, 2018, 12, 948.2200, '11中旬到12月中旬理财', '2018-12-18 20:13:30', '2018-12-18 20:13:30', 1);
INSERT INTO `income` VALUES (18, 2018, 12, 25.1800, '19日理财入账', '2018-12-20 21:04:46', '2018-12-20 21:04:46', 1);

-- ----------------------------
-- Table structure for menu
-- ----------------------------
DROP TABLE IF EXISTS `menu`;
CREATE TABLE `menu`  (
  `id` int(11) NOT NULL AUTO_INCREMENT,
  `resourceName` varchar(255) CHARACTER SET utf8 COLLATE utf8_bin NOT NULL COMMENT '映射名字(功能名称)',
  `accessPath` varchar(255) CHARACTER SET utf8 COLLATE utf8_bin DEFAULT NULL COMMENT '访问路径(url)',
  `parentId` int(11) NOT NULL COMMENT '父类id',
  `resourceId` int(11) NOT NULL COMMENT '资源标识\n对应父id',
  PRIMARY KEY (`id`) USING BTREE
) ENGINE = InnoDB AUTO_INCREMENT = 15 CHARACTER SET = utf8 COLLATE = utf8_bin ROW_FORMAT = Dynamic;

-- ----------------------------
-- Records of menu
-- ----------------------------
INSERT INTO `menu` VALUES (1, '消费收入统计报表', NULL, 0, 0);
INSERT INTO `menu` VALUES (2, '周统计消费', 'page/tally/annualWeeklyReport.html', 1, 1);
INSERT INTO `menu` VALUES (3, '年日常消费', 'page/tally/annualDailyReport.html', 1, 1);
INSERT INTO `menu` VALUES (4, '月统计消费', 'page/tally/annualMonthlyReport.html', 1, 1);
INSERT INTO `menu` VALUES (5, '季统计消费', 'page/tally/annualQuarterlyReport.html', 1, 1);
INSERT INTO `menu` VALUES (6, '数据维护', 'page/tally/dataBill.html', 14, 1);
INSERT INTO `menu` VALUES (7, '记账登记', 'page/tally/detailedSpending.html', 13, 1);
INSERT INTO `menu` VALUES (8, '用户角色管理', '', 0, 0);
INSERT INTO `menu` VALUES (9, '用户管理', 'page/system/userManagement.html', 8, 1);
INSERT INTO `menu` VALUES (10, '角色管理', 'page/system/roleManagement.html', 8, 1);
INSERT INTO `menu` VALUES (11, '收入明细', 'page/tally/incomeDetails.html', 13, 1);
INSERT INTO `menu` VALUES (12, '纯收入统计', 'page/tally/netIncomeReport.html', 1, 1);
INSERT INTO `menu` VALUES (13, '日常登记', NULL, 0, 0);
INSERT INTO `menu` VALUES (14, '系统维护', NULL, 0, 0);

-- ----------------------------
-- Table structure for role
-- ----------------------------
DROP TABLE IF EXISTS `role`;
CREATE TABLE `role`  (
  `id` int(11) NOT NULL AUTO_INCREMENT,
  `roleName` varchar(20) CHARACTER SET utf8 COLLATE utf8_general_ci NOT NULL COMMENT '角色名称',
  `createDate` datetime(0) NOT NULL DEFAULT CURRENT_TIMESTAMP COMMENT '建立时间',
  `createUser` int(11) NOT NULL DEFAULT -1 COMMENT '建立者',
  `updateDate` datetime(0) NOT NULL DEFAULT CURRENT_TIMESTAMP COMMENT '更新时间',
  `updateUser` int(11) NOT NULL DEFAULT -1 COMMENT '更新者',
  PRIMARY KEY (`id`) USING BTREE
) ENGINE = InnoDB AUTO_INCREMENT = 5 CHARACTER SET = utf8 COLLATE = utf8_general_ci ROW_FORMAT = Dynamic;

-- ----------------------------
-- Records of role
-- ----------------------------
INSERT INTO `role` VALUES (1, '超级管理员', '2017-10-24 19:35:48', -1, '2017-10-30 15:43:15', 1);
INSERT INTO `role` VALUES (2, '管理员A', '2018-08-17 16:35:53', -1, '2018-08-17 16:35:53', -1);
INSERT INTO `role` VALUES (4, '管理员B', '2018-08-17 16:36:48', -1, '2018-08-17 16:36:48', -1);

-- ----------------------------
-- Table structure for rolefunction
-- ----------------------------
DROP TABLE IF EXISTS `rolefunction`;
CREATE TABLE `rolefunction`  (
  `roleId` int(11) NOT NULL COMMENT '角色id',
  `functionId` int(11) NOT NULL COMMENT '功能代码'
) ENGINE = InnoDB CHARACTER SET = utf8 COLLATE = utf8_general_ci ROW_FORMAT = Dynamic;

-- ----------------------------
-- Records of rolefunction
-- ----------------------------
INSERT INTO `rolefunction` VALUES (1, 1);
INSERT INTO `rolefunction` VALUES (1, 2);
INSERT INTO `rolefunction` VALUES (1, 3);
INSERT INTO `rolefunction` VALUES (1, 4);
INSERT INTO `rolefunction` VALUES (1, 6);
INSERT INTO `rolefunction` VALUES (1, 5);
INSERT INTO `rolefunction` VALUES (2, 1);
INSERT INTO `rolefunction` VALUES (2, 2);
INSERT INTO `rolefunction` VALUES (1, 7);
INSERT INTO `rolefunction` VALUES (1, 8);
INSERT INTO `rolefunction` VALUES (1, 9);
INSERT INTO `rolefunction` VALUES (1, 10);
INSERT INTO `rolefunction` VALUES (3, 10);
INSERT INTO `rolefunction` VALUES (3, 9);
INSERT INTO `rolefunction` VALUES (3, 8);
INSERT INTO `rolefunction` VALUES (4, 7);
INSERT INTO `rolefunction` VALUES (4, 6);
INSERT INTO `rolefunction` VALUES (4, 5);
INSERT INTO `rolefunction` VALUES (4, 4);
INSERT INTO `rolefunction` VALUES (4, 3);
INSERT INTO `rolefunction` VALUES (4, 2);
INSERT INTO `rolefunction` VALUES (4, 1);
INSERT INTO `rolefunction` VALUES (1, 11);
INSERT INTO `rolefunction` VALUES (1, 12);
INSERT INTO `rolefunction` VALUES (1, 13);
INSERT INTO `rolefunction` VALUES (1, 14);

-- ----------------------------
-- Table structure for summary
-- ----------------------------
DROP TABLE IF EXISTS `summary`;
CREATE TABLE `summary`  (
  `id` int(11) NOT NULL AUTO_INCREMENT,
  `countDate` date DEFAULT NULL COMMENT '统计日期',
  `expense` decimal(12, 4) DEFAULT NULL COMMENT '支出',
  `createDate` datetime(0) DEFAULT CURRENT_TIMESTAMP COMMENT '建立时间',
  `updateDate` datetime(0) DEFAULT CURRENT_TIMESTAMP COMMENT '修改时间',
  `userId` int(11) DEFAULT NULL,
  PRIMARY KEY (`id`) USING BTREE
) ENGINE = InnoDB AUTO_INCREMENT = 32337 CHARACTER SET = utf8 COLLATE = utf8_bin ROW_FORMAT = Dynamic;

-- ----------------------------
-- Records of summary
-- ----------------------------
INSERT INTO `summary` VALUES (32181, '2018-06-02', 1597.2000, '2018-08-10 20:58:19', '2018-12-17 21:11:42', 1);
INSERT INTO `summary` VALUES (32182, '2018-06-03', 142.5000, '2018-08-10 20:58:19', '2018-12-17 21:11:42', 1);
INSERT INTO `summary` VALUES (32183, '2018-06-04', 59.5000, '2018-08-10 20:58:19', '2018-12-17 21:11:42', 1);
INSERT INTO `summary` VALUES (32184, '2018-06-05', 48.1000, '2018-08-10 20:58:19', '2018-12-17 21:11:42', 1);
INSERT INTO `summary` VALUES (32185, '2018-06-06', 20.0000, '2018-08-10 20:58:20', '2018-12-17 21:11:42', 1);
INSERT INTO `summary` VALUES (32186, '2018-06-07', 9.0000, '2018-08-10 20:58:20', '2018-12-17 21:11:42', 1);
INSERT INTO `summary` VALUES (32187, '2018-06-08', 390.4300, '2018-08-10 20:58:20', '2018-12-17 21:11:43', 1);
INSERT INTO `summary` VALUES (32188, '2018-06-09', 27.0400, '2018-08-10 20:58:20', '2018-12-17 21:11:43', 1);
INSERT INTO `summary` VALUES (32189, '2018-06-10', 27.8000, '2018-08-10 20:58:20', '2018-12-17 21:11:43', 1);
INSERT INTO `summary` VALUES (32190, '2018-06-11', 17.0600, '2018-08-10 20:58:20', '2018-12-17 21:11:43', 1);
INSERT INTO `summary` VALUES (32191, '2018-06-12', 30.5000, '2018-08-10 20:58:20', '2018-12-17 21:11:43', 1);
INSERT INTO `summary` VALUES (32192, '2018-06-13', 30.9000, '2018-08-10 20:58:20', '2018-12-17 21:11:43', 1);
INSERT INTO `summary` VALUES (32193, '2018-06-14', 27.0000, '2018-08-10 20:58:20', '2018-12-17 21:11:43', 1);
INSERT INTO `summary` VALUES (32194, '2018-06-15', 20.5000, '2018-08-10 20:58:20', '2018-12-17 21:11:43', 1);
INSERT INTO `summary` VALUES (32195, '2018-06-16', 24.0000, '2018-08-10 20:58:20', '2018-12-17 21:11:43', 1);
INSERT INTO `summary` VALUES (32196, '2018-06-17', 2402.3400, '2018-08-10 20:58:20', '2018-12-17 21:11:43', 1);
INSERT INTO `summary` VALUES (32197, '2018-06-18', 4556.4600, '2018-08-10 20:58:20', '2018-12-17 21:11:43', 1);
INSERT INTO `summary` VALUES (32198, '2018-06-19', 66.6000, '2018-08-10 20:58:20', '2018-12-17 21:11:43', 1);
INSERT INTO `summary` VALUES (32199, '2018-06-20', 44.8000, '2018-08-10 20:58:20', '2018-12-17 21:11:43', 1);
INSERT INTO `summary` VALUES (32200, '2018-06-21', 45.4000, '2018-08-10 20:58:20', '2018-12-17 21:11:43', 1);
INSERT INTO `summary` VALUES (32201, '2018-06-22', 20.0000, '2018-08-10 20:58:20', '2018-12-17 21:11:43', 1);
INSERT INTO `summary` VALUES (32202, '2018-06-23', 124.0000, '2018-08-10 20:58:20', '2018-12-17 21:11:43', 1);
INSERT INTO `summary` VALUES (32203, '2018-06-24', 13.4000, '2018-08-10 20:58:20', '2018-12-17 21:11:43', 1);
INSERT INTO `summary` VALUES (32204, '2018-06-25', 14.0000, '2018-08-10 20:58:20', '2018-12-17 21:11:43', 1);
INSERT INTO `summary` VALUES (32205, '2018-06-26', 178.5000, '2018-08-10 20:58:20', '2018-12-17 21:11:44', 1);
INSERT INTO `summary` VALUES (32206, '2018-06-27', 27.0000, '2018-08-10 20:58:20', '2018-12-17 21:11:44', 1);
INSERT INTO `summary` VALUES (32207, '2018-06-28', 20.0000, '2018-08-10 20:58:20', '2018-12-17 21:11:44', 1);
INSERT INTO `summary` VALUES (32208, '2018-06-29', 419.0000, '2018-08-10 20:58:20', '2018-12-17 21:11:44', 1);
INSERT INTO `summary` VALUES (32209, '2018-06-30', 19.4700, '2018-08-10 20:58:21', '2018-12-17 21:11:44', 1);
INSERT INTO `summary` VALUES (32210, '2018-07-01', 46.9800, '2018-08-10 20:58:21', '2018-12-17 21:11:44', 1);
INSERT INTO `summary` VALUES (32211, '2018-07-02', 127.0000, '2018-08-10 20:58:21', '2018-12-17 21:11:44', 1);
INSERT INTO `summary` VALUES (32212, '2018-07-03', 84.3000, '2018-08-10 20:58:21', '2018-12-17 21:11:44', 1);
INSERT INTO `summary` VALUES (32213, '2018-07-04', 1609.0000, '2018-08-10 20:58:21', '2018-12-17 21:11:44', 1);
INSERT INTO `summary` VALUES (32214, '2018-07-05', 73.9000, '2018-08-10 20:58:21', '2018-12-17 21:11:44', 1);
INSERT INTO `summary` VALUES (32215, '2018-07-06', 17.0000, '2018-08-10 20:58:21', '2018-12-17 21:11:44', 1);
INSERT INTO `summary` VALUES (32216, '2018-07-07', 45.4000, '2018-08-10 20:58:21', '2018-12-17 21:11:44', 1);
INSERT INTO `summary` VALUES (32217, '2018-07-08', 25.6600, '2018-08-10 20:58:21', '2018-12-17 21:11:44', 1);
INSERT INTO `summary` VALUES (32218, '2018-07-09', 19.0000, '2018-08-10 20:58:21', '2018-12-17 21:11:44', 1);
INSERT INTO `summary` VALUES (32219, '2018-07-10', 171.5000, '2018-08-10 20:58:21', '2018-12-17 21:11:44', 1);
INSERT INTO `summary` VALUES (32220, '2018-07-11', 23.0000, '2018-08-10 20:58:21', '2018-12-17 21:11:44', 1);
INSERT INTO `summary` VALUES (32221, '2018-07-12', 460.0000, '2018-08-10 20:58:21', '2018-12-17 21:11:45', 1);
INSERT INTO `summary` VALUES (32222, '2018-07-13', 21.0000, '2018-08-10 20:58:21', '2018-12-17 21:11:45', 1);
INSERT INTO `summary` VALUES (32223, '2018-07-14', 49.1500, '2018-08-10 20:58:21', '2018-12-17 21:11:45', 1);
INSERT INTO `summary` VALUES (32224, '2018-07-15', 47.8000, '2018-08-10 20:58:21', '2018-12-17 21:11:45', 1);
INSERT INTO `summary` VALUES (32225, '2018-07-16', 535.1000, '2018-08-10 20:58:21', '2018-12-17 21:11:45', 1);
INSERT INTO `summary` VALUES (32226, '2018-07-17', 26.0000, '2018-08-10 20:58:21', '2018-12-17 21:11:45', 1);
INSERT INTO `summary` VALUES (32227, '2018-07-18', 29.0000, '2018-08-10 20:58:21', '2018-12-17 21:11:45', 1);
INSERT INTO `summary` VALUES (32228, '2018-07-19', 26.9000, '2018-08-10 20:58:21', '2018-12-17 21:11:45', 1);
INSERT INTO `summary` VALUES (32229, '2018-07-20', 24.0000, '2018-08-10 20:58:21', '2018-12-17 21:11:45', 1);
INSERT INTO `summary` VALUES (32230, '2018-07-21', 145.5000, '2018-08-10 20:58:21', '2018-12-17 21:11:45', 1);
INSERT INTO `summary` VALUES (32231, '2018-07-22', 43.4000, '2018-08-10 20:58:21', '2018-12-17 21:11:45', 1);
INSERT INTO `summary` VALUES (32232, '2018-07-23', 42.0000, '2018-08-10 20:58:21', '2018-12-17 21:11:45', 1);
INSERT INTO `summary` VALUES (32233, '2018-07-24', 38.0000, '2018-08-10 20:58:22', '2018-12-17 21:11:45', 1);
INSERT INTO `summary` VALUES (32234, '2018-07-25', 54.0000, '2018-08-10 20:58:22', '2018-12-17 21:11:45', 1);
INSERT INTO `summary` VALUES (32235, '2018-07-26', 28.0000, '2018-08-10 20:58:22', '2018-12-17 21:11:45', 1);
INSERT INTO `summary` VALUES (32236, '2018-07-27', 12.0000, '2018-08-10 20:58:22', '2018-12-17 21:11:45', 1);
INSERT INTO `summary` VALUES (32237, '2018-07-29', 491.0000, '2018-08-10 20:58:22', '2018-12-17 21:11:45', 1);
INSERT INTO `summary` VALUES (32238, '2018-07-30', 2588.6500, '2018-08-10 20:58:22', '2018-12-17 21:11:46', 1);
INSERT INTO `summary` VALUES (32239, '2018-07-31', 438.9000, '2018-08-10 20:58:22', '2018-12-17 21:11:46', 1);
INSERT INTO `summary` VALUES (32240, '2018-08-04', 133.5000, '2018-08-10 20:58:22', '2018-12-17 21:11:46', 1);
INSERT INTO `summary` VALUES (32241, '2018-08-05', 258.6000, '2018-08-10 20:58:22', '2018-12-17 21:11:46', 1);
INSERT INTO `summary` VALUES (32242, '2018-08-06', 176.0000, '2018-08-10 20:58:22', '2018-12-17 21:11:46', 1);
INSERT INTO `summary` VALUES (32243, '2018-08-07', 20.0000, '2018-08-10 20:58:22', '2018-12-17 21:11:46', 1);
INSERT INTO `summary` VALUES (32244, '2018-08-08', 12.0000, '2018-08-10 20:58:22', '2018-12-17 21:11:46', 1);
INSERT INTO `summary` VALUES (32245, '2018-08-09', 18.0000, '2018-08-10 20:58:22', '2018-12-17 21:11:46', 1);
INSERT INTO `summary` VALUES (32246, '2018-08-10', 13.5000, '2018-08-10 20:58:22', '2018-12-17 21:11:46', 1);
INSERT INTO `summary` VALUES (32247, '2018-04-01', 10502.0000, '2018-08-10 21:03:37', '2018-12-17 21:11:41', 1);
INSERT INTO `summary` VALUES (32248, '2018-04-14', 3288.0000, '2018-08-10 21:08:41', '2018-12-17 21:11:41', 1);
INSERT INTO `summary` VALUES (32249, '2018-05-31', 10000.0000, '2018-08-10 21:08:42', '2018-12-17 21:11:42', 1);
INSERT INTO `summary` VALUES (32250, '2018-03-17', 1253.2400, '2018-08-10 21:10:05', '2018-12-17 21:11:41', 1);
INSERT INTO `summary` VALUES (32251, '2018-01-07', 1383.0000, '2018-08-10 21:11:16', '2018-12-17 21:11:39', 1);
INSERT INTO `summary` VALUES (32252, '2018-01-13', 463.7900, '2018-08-10 21:16:42', '2018-12-17 21:11:40', 1);
INSERT INTO `summary` VALUES (32253, '2018-02-23', 100.0000, '2018-08-10 21:19:09', '2018-12-17 21:11:40', 1);
INSERT INTO `summary` VALUES (32254, '2018-05-29', 200.0000, '2018-08-10 21:20:19', '2018-12-17 21:11:42', 1);
INSERT INTO `summary` VALUES (32255, '2018-04-26', 486.0000, '2018-08-10 21:23:40', '2018-12-17 21:11:42', 1);
INSERT INTO `summary` VALUES (32256, '2018-03-15', 338.0000, '2018-08-10 21:37:45', '2018-12-17 21:11:41', 1);
INSERT INTO `summary` VALUES (32257, '2018-03-22', 60.0000, '2018-08-10 21:40:05', '2018-12-17 21:11:41', 1);
INSERT INTO `summary` VALUES (32258, '2018-03-23', 1089.1200, '2018-08-10 21:41:55', '2018-12-17 21:11:41', 1);
INSERT INTO `summary` VALUES (32259, '2018-02-21', 920.0000, '2018-08-10 21:43:42', '2018-12-17 21:11:40', 1);
INSERT INTO `summary` VALUES (32260, '2018-02-05', 525.0000, '2018-08-10 21:44:29', '2018-12-17 21:11:40', 1);
INSERT INTO `summary` VALUES (32261, '2018-01-28', 376.3200, '2018-08-10 21:45:20', '2018-12-17 21:11:40', 1);
INSERT INTO `summary` VALUES (32262, '2018-01-23', 436.0000, '2018-08-10 21:46:27', '2018-12-17 21:11:40', 1);
INSERT INTO `summary` VALUES (32263, '2018-01-20', 100.0000, '2018-08-10 21:48:46', '2018-12-17 21:11:40', 1);
INSERT INTO `summary` VALUES (32264, '2018-01-17', 780.0000, '2018-08-10 21:50:00', '2018-12-17 21:11:40', 1);
INSERT INTO `summary` VALUES (32265, '2018-05-16', 331.2400, '2018-08-10 21:54:21', '2018-12-17 21:11:42', 1);
INSERT INTO `summary` VALUES (32266, '2018-01-16', 99.8900, '2018-08-10 21:58:08', '2018-12-17 21:11:40', 1);
INSERT INTO `summary` VALUES (32267, '2018-01-24', 100.0000, '2018-08-10 21:59:06', '2018-12-17 21:11:40', 1);
INSERT INTO `summary` VALUES (32268, '2018-02-24', 100.0000, '2018-08-10 22:00:56', '2018-12-17 21:11:40', 1);
INSERT INTO `summary` VALUES (32269, '2018-02-01', 100.0000, '2018-08-10 22:02:09', '2018-12-17 21:11:40', 1);
INSERT INTO `summary` VALUES (32270, '2018-03-27', 100.0000, '2018-08-10 22:02:38', '2018-12-17 21:11:41', 1);
INSERT INTO `summary` VALUES (32271, '2018-03-21', 100.0000, '2018-08-10 22:03:03', '2018-12-17 21:11:41', 1);
INSERT INTO `summary` VALUES (32272, '2018-03-13', 100.0000, '2018-08-10 22:03:50', '2018-12-17 21:11:41', 1);
INSERT INTO `summary` VALUES (32273, '2018-03-05', 100.0000, '2018-08-10 22:04:53', '2018-12-17 21:11:41', 1);
INSERT INTO `summary` VALUES (32274, '2018-04-19', 99.9800, '2018-08-10 22:07:15', '2018-12-17 21:11:42', 1);
INSERT INTO `summary` VALUES (32275, '2018-04-11', 100.0000, '2018-08-10 22:12:50', '2018-12-17 21:11:41', 1);
INSERT INTO `summary` VALUES (32276, '2018-04-03', 100.0000, '2018-08-10 22:13:15', '2018-12-17 21:11:41', 1);
INSERT INTO `summary` VALUES (32277, '2018-05-15', 49.9000, '2018-08-10 22:15:25', '2018-12-17 21:11:42', 1);
INSERT INTO `summary` VALUES (32278, '2018-05-12', 70.0000, '2018-08-10 22:26:20', '2018-12-17 21:11:42', 1);
INSERT INTO `summary` VALUES (32279, '2018-08-11', 30.5000, '2018-08-11 11:02:37', '2018-12-17 21:11:46', 1);
INSERT INTO `summary` VALUES (32280, '2018-08-13', 514.0000, '2018-08-13 14:08:45', '2018-12-17 21:11:46', 1);
INSERT INTO `summary` VALUES (32281, '2018-08-14', 14.0000, '2018-08-14 13:57:26', '2018-12-17 21:11:46', 1);
INSERT INTO `summary` VALUES (32282, '2018-08-15', 10011.7500, '2018-08-15 17:07:03', '2018-12-17 21:11:46', 1);
INSERT INTO `summary` VALUES (32283, '2018-08-16', 1595.8000, '2018-08-16 10:22:16', '2018-12-17 21:11:46', 1);
INSERT INTO `summary` VALUES (32284, '2018-08-17', 134.0000, '2018-08-17 08:10:41', '2018-12-17 21:11:46', 1);
INSERT INTO `summary` VALUES (32285, '2018-08-19', 123.0000, '2018-08-19 15:52:52', '2018-12-17 21:11:46', 1);
INSERT INTO `summary` VALUES (32286, '2018-08-20', 145.0000, '2018-08-20 20:39:06', '2018-12-17 21:11:46', 1);
INSERT INTO `summary` VALUES (32287, '2018-08-21', 28.0000, '2018-08-21 19:40:41', '2018-12-17 21:11:46', 1);
INSERT INTO `summary` VALUES (32288, '2018-08-24', 300.0000, '2018-09-22 21:59:59', '2018-12-17 21:11:47', 1);
INSERT INTO `summary` VALUES (32289, '2018-09-22', 538.5000, '2018-09-22 22:00:35', '2018-12-17 21:11:47', 1);
INSERT INTO `summary` VALUES (32290, '2018-08-30', 200.0000, '2018-09-22 22:01:01', '2018-12-17 21:11:47', 1);
INSERT INTO `summary` VALUES (32291, '2018-09-17', 195.0000, '2018-09-22 22:01:43', '2018-12-17 21:11:47', 1);
INSERT INTO `summary` VALUES (32292, '2018-09-19', 100.3000, '2018-09-22 22:03:58', '2018-12-17 21:11:47', 1);
INSERT INTO `summary` VALUES (32293, '2018-09-18', 262.0000, '2018-09-22 22:04:54', '2018-12-17 21:11:47', 1);
INSERT INTO `summary` VALUES (32294, '2018-09-14', 850.0000, '2018-09-22 22:06:27', '2018-12-17 21:11:47', 1);
INSERT INTO `summary` VALUES (32295, '2018-09-21', 229.0000, '2018-09-22 22:14:13', '2018-12-17 21:11:47', 1);
INSERT INTO `summary` VALUES (32296, '2018-09-08', 1699.0000, '2018-09-22 22:30:11', '2018-12-17 21:11:47', 1);
INSERT INTO `summary` VALUES (32297, '2018-09-23', 8.5000, '2018-09-24 13:18:47', '2018-12-17 21:11:47', 1);
INSERT INTO `summary` VALUES (32298, '2018-09-24', 30.0000, '2018-09-24 13:19:04', '2018-12-17 21:11:47', 1);
INSERT INTO `summary` VALUES (32299, '2018-09-26', 26.0000, '2018-10-20 19:47:47', '2018-12-17 21:11:47', 1);
INSERT INTO `summary` VALUES (32300, '2018-09-27', 1597.0000, '2018-10-20 19:48:48', '2018-12-17 21:11:47', 1);
INSERT INTO `summary` VALUES (32301, '2018-09-29', 444.0000, '2018-10-20 19:50:02', '2018-12-17 21:11:47', 1);
INSERT INTO `summary` VALUES (32302, '2018-09-30', 87.1000, '2018-10-20 19:50:45', '2018-12-17 21:11:47', 1);
INSERT INTO `summary` VALUES (32303, '2018-10-05', 18.5000, '2018-10-20 19:53:37', '2018-12-17 21:11:48', 1);
INSERT INTO `summary` VALUES (32304, '2018-10-09', 5.0000, '2018-10-20 19:54:28', '2018-12-17 21:11:48', 1);
INSERT INTO `summary` VALUES (32305, '2018-10-10', 277.1000, '2018-10-20 19:55:02', '2018-12-17 21:11:48', 1);
INSERT INTO `summary` VALUES (32306, '2018-10-14', 89.0000, '2018-10-20 19:55:37', '2018-12-17 21:11:48', 1);
INSERT INTO `summary` VALUES (32307, '2018-10-15', 35.9000, '2018-10-20 19:56:06', '2018-12-17 21:11:48', 1);
INSERT INTO `summary` VALUES (32308, '2018-10-16', 9.9000, '2018-10-20 19:56:59', '2018-12-17 21:11:48', 1);
INSERT INTO `summary` VALUES (32309, '2018-10-18', 41.2100, '2018-10-20 19:57:30', '2018-12-17 21:11:48', 1);
INSERT INTO `summary` VALUES (32310, '2018-10-20', 12.9900, '2018-10-20 19:58:47', '2018-12-17 21:11:48', 1);
INSERT INTO `summary` VALUES (32311, '2018-10-13', 22.9000, '2018-10-20 20:00:15', '2018-12-17 21:11:48', 1);
INSERT INTO `summary` VALUES (32312, '2018-10-12', 7.0000, '2018-10-20 20:01:15', '2018-12-17 21:11:48', 1);
INSERT INTO `summary` VALUES (32313, '2018-10-23', 13.5500, '2018-10-23 22:34:17', '2018-12-17 21:11:48', 1);
INSERT INTO `summary` VALUES (32314, '2018-10-26', 85.0000, '2018-10-26 08:02:56', '2018-12-17 21:11:48', 1);
INSERT INTO `summary` VALUES (32315, '2018-10-27', 22.7600, '2018-10-27 19:25:32', '2018-12-17 21:11:48', 1);
INSERT INTO `summary` VALUES (32316, '2018-10-29', 53.8800, '2018-10-29 21:14:51', '2018-12-17 21:11:48', 1);
INSERT INTO `summary` VALUES (32317, '2018-11-01', 6.1800, '2018-11-01 22:30:45', '2018-12-17 21:11:48', 1);
INSERT INTO `summary` VALUES (32318, '2018-11-03', 361.1000, '2018-11-03 17:06:58', '2018-12-17 21:11:48', 1);
INSERT INTO `summary` VALUES (32319, '2018-11-07', 5.4400, '2018-11-07 23:27:57', '2018-12-17 21:11:48', 1);
INSERT INTO `summary` VALUES (32320, '2018-11-08', 1784.0000, '2018-11-08 22:36:04', '2018-12-17 21:11:48', 1);
INSERT INTO `summary` VALUES (32321, '2018-11-11', 1827.6000, '2018-11-11 01:15:58', '2018-12-17 21:11:48', 1);
INSERT INTO `summary` VALUES (32322, '2018-11-12', 58.8000, '2018-11-12 21:33:55', '2018-12-17 21:11:49', 1);
INSERT INTO `summary` VALUES (32323, '2018-11-17', 27.5200, '2018-11-17 12:33:46', '2018-12-17 21:11:49', 1);
INSERT INTO `summary` VALUES (32324, '2018-11-18', 9.4400, '2018-11-18 17:46:20', '2018-12-17 21:11:49', 1);
INSERT INTO `summary` VALUES (32325, '2018-11-22', 9.4000, '2018-11-22 23:34:44', '2018-11-22 23:34:44', 1);
INSERT INTO `summary` VALUES (32326, '2018-11-24', 29.6300, '2018-11-25 07:47:01', '2018-12-17 21:11:49', 1);
INSERT INTO `summary` VALUES (32327, '2018-11-27', 94.4000, '2018-11-27 19:53:50', '2018-12-17 21:11:49', 1);
INSERT INTO `summary` VALUES (32328, '2018-11-28', 50.0000, '2018-11-28 20:39:22', '2018-12-17 21:11:49', 1);
INSERT INTO `summary` VALUES (32329, '2018-11-29', 88.0000, '2018-11-29 23:13:14', '2018-12-17 21:11:49', 1);
INSERT INTO `summary` VALUES (32330, '2018-12-01', 20.0000, '2018-12-01 18:44:43', '2018-12-17 21:11:49', 1);
INSERT INTO `summary` VALUES (32331, '2018-12-08', 36.7800, '2018-12-08 14:51:53', '2018-12-17 21:11:49', 1);
INSERT INTO `summary` VALUES (32332, '2018-12-09', 1584.0000, '2018-12-09 07:27:28', '2018-12-17 21:11:49', 1);
INSERT INTO `summary` VALUES (32333, '2018-12-12', 215.4000, '2018-12-12 21:03:24', '2018-12-17 21:11:49', 1);
INSERT INTO `summary` VALUES (32334, '2018-12-13', 40.0000, '2018-12-13 21:11:44', '2018-12-17 21:11:49', 1);
INSERT INTO `summary` VALUES (32335, '2018-12-15', 25.0000, '2018-12-16 18:07:59', '2018-12-17 21:11:49', 1);
INSERT INTO `summary` VALUES (32336, '2018-12-17', 44.4000, '2018-12-17 21:11:33', '2018-12-17 21:11:49', 1);

-- ----------------------------
-- Table structure for tally
-- ----------------------------
DROP TABLE IF EXISTS `tally`;
CREATE TABLE `tally`  (
  `id` int(11) NOT NULL AUTO_INCREMENT,
  `used` varchar(500) CHARACTER SET utf8 COLLATE utf8_bin DEFAULT NULL COMMENT '用途',
  `howMuch` decimal(12, 4) DEFAULT NULL COMMENT '钱数',
  `createDate` datetime(0) DEFAULT CURRENT_TIMESTAMP COMMENT '建立时间',
  `userId` int(11) DEFAULT NULL,
  PRIMARY KEY (`id`) USING BTREE
) ENGINE = InnoDB AUTO_INCREMENT = 374 CHARACTER SET = utf8 COLLATE = utf8_bin ROW_FORMAT = Dynamic;

-- ----------------------------
-- Records of tally
-- ----------------------------
INSERT INTO `tally` VALUES (1, '交房租（用信用卡）', 1584.0000, '2018-06-02 21:22:56', 1);
INSERT INTO `tally` VALUES (2, '午饭（两盒子蛋炒饭）+一份蒸蛋糕  好撑~嗝（餐饮）', 13.2000, '2018-06-02 21:24:51', 1);
INSERT INTO `tally` VALUES (3, '早餐（l两个奥尔良鸡肉包，两个梅干菜包，两个鱼香肉丝包，两个紫薯饼，一个茶叶蛋）（餐饮）', 14.5000, '2018-06-03 08:29:45', 1);
INSERT INTO `tally` VALUES (12, '男士防晒霜+男士香水', 128.0000, '2018-06-03 14:34:13', 1);
INSERT INTO `tally` VALUES (13, '早晚上班公交', 4.0000, '2018-06-04 20:26:33', 1);
INSERT INTO `tally` VALUES (14, '早餐（紫薯饼+鱼香肉丝包）（餐饮）', 3.5000, '2018-06-04 20:26:49', 1);
INSERT INTO `tally` VALUES (15, '中餐（木耳+鸡蛋糕+米饭）（餐饮）', 13.0000, '2018-06-04 20:27:36', 1);
INSERT INTO `tally` VALUES (16, '甩脂机', 39.0000, '2018-06-04 20:28:33', 1);
INSERT INTO `tally` VALUES (17, '早餐（两个紫薯饼）（餐饮）', 4.0000, '2018-06-05 18:15:40', 1);
INSERT INTO `tally` VALUES (18, '红包', 2.1000, '2018-06-05 18:17:05', 1);
INSERT INTO `tally` VALUES (19, '中餐（牛肉+干豆腐+米饭，感觉不爽）（餐饮）', 23.0000, '2018-06-05 18:17:12', 1);
INSERT INTO `tally` VALUES (20, '早晚公交', 4.0000, '2018-06-05 18:17:38', 1);
INSERT INTO `tally` VALUES (21, '爱奇艺会员', 15.0000, '2018-06-05 19:14:45', 1);
INSERT INTO `tally` VALUES (22, '早餐（餐饮）', 3.0000, '2018-06-06 20:22:14', 1);
INSERT INTO `tally` VALUES (23, '午餐（餐饮）', 13.0000, '2018-06-06 20:22:22', 1);
INSERT INTO `tally` VALUES (24, '公交', 4.0000, '2018-06-06 20:22:33', 1);
INSERT INTO `tally` VALUES (25, '面试（公交）没成功', 2.0000, '2018-06-07 00:00:00', 1);
INSERT INTO `tally` VALUES (26, '2个包子+两个紫薯饼（餐饮）', 7.0000, '2018-06-07 00:00:00', 1);
INSERT INTO `tally` VALUES (27, '早晚上班公交', 4.0000, '2018-06-08 20:59:13', 1);
INSERT INTO `tally` VALUES (28, '发红包', 15.6300, '2018-06-08 21:00:50', 1);
INSERT INTO `tally` VALUES (30, ' 撞色印花涂鸦束脚松紧 商品ID 569165440605    数量 1  颜色  黑色 尺码  185/88A/XXL （服装）', 267.1500, '2018-06-08 21:03:17', 1);
INSERT INTO `tally` VALUES (31, '去油污衣服去油渍剂去油王强力去污剂衣物去油迹清洁剂洗油渍污渍 ', 20.6500, '2018-06-08 21:03:46', 1);
INSERT INTO `tally` VALUES (32, '中午饭（鸡蛋肉糕+南瓜+饭）（餐饮）', 14.0000, '2018-06-08 21:04:30', 1);
INSERT INTO `tally` VALUES (34, '早餐2个鸡肉包（餐饮）', 3.0000, '2018-06-08 21:05:26', 1);
INSERT INTO `tally` VALUES (35, '午饭（餐饮）', 12.8000, '2018-06-09 20:49:10', 1);
INSERT INTO `tally` VALUES (36, '早饭（餐饮）', 3.0000, '2018-06-09 00:00:00', 1);
INSERT INTO `tally` VALUES (37, '拼多多（衣服）', 66.0000, '2018-06-08 20:51:42', 1);
INSERT INTO `tally` VALUES (38, '农夫山泉大桶水4L', 7.6000, '2018-06-09 20:56:14', 1);
INSERT INTO `tally` VALUES (39, '早餐（煎饼）（餐饮）', 4.5000, '2018-06-10 09:37:11', 1);
INSERT INTO `tally` VALUES (40, '水果（哈密瓜+香蕉）', 20.7000, '2018-06-10 09:38:30', 1);
INSERT INTO `tally` VALUES (41, '红包', 3.6400, '2018-06-09 00:00:00', 1);
INSERT INTO `tally` VALUES (42, '红包', 2.6000, '2018-06-10 00:00:00', 1);
INSERT INTO `tally` VALUES (45, '早晚公交', 4.0000, '2018-06-11 22:09:37', 1);
INSERT INTO `tally` VALUES (46, '早餐（餐饮）', 1.5000, '2018-06-11 22:09:53', 1);
INSERT INTO `tally` VALUES (47, '午餐（餐饮）', 10.0000, '2018-06-11 22:10:03', 1);
INSERT INTO `tally` VALUES (48, '红包', 1.5600, '2018-06-11 22:10:46', 1);
INSERT INTO `tally` VALUES (49, '午餐（餐饮）', 17.0000, '2018-06-12 20:41:41', 1);
INSERT INTO `tally` VALUES (50, '公交早晚', 4.0000, '2018-06-12 20:41:51', 1);
INSERT INTO `tally` VALUES (51, '早餐（餐饮）', 1.5000, '2018-06-12 20:42:03', 1);
INSERT INTO `tally` VALUES (52, '红包', 8.0000, '2018-06-12 20:42:28', 1);
INSERT INTO `tally` VALUES (53, '早餐（餐饮）', 3.0000, '2018-06-13 20:47:47', 1);
INSERT INTO `tally` VALUES (54, '午餐（餐饮）', 12.0000, '2018-06-13 20:47:58', 1);
INSERT INTO `tally` VALUES (55, '早晚公交', 4.0000, '2018-06-13 20:48:10', 1);
INSERT INTO `tally` VALUES (56, '洗衣液', 9.9000, '2018-06-13 20:48:39', 1);
INSERT INTO `tally` VALUES (57, '红包', 2.0000, '2018-06-13 20:49:10', 1);
INSERT INTO `tally` VALUES (58, '午餐（餐饮）', 21.0000, '2018-06-14 20:44:59', 1);
INSERT INTO `tally` VALUES (59, '早餐（餐饮）', 3.0000, '2018-06-14 20:45:05', 1);
INSERT INTO `tally` VALUES (60, '早晚公交', 3.0000, '2018-06-14 20:45:21', 1);
INSERT INTO `tally` VALUES (61, '早餐 煎饼（餐饮）', 4.5000, '2018-06-15 20:33:12', 1);
INSERT INTO `tally` VALUES (62, '午餐（餐饮）', 12.0000, '2018-06-15 20:33:18', 1);
INSERT INTO `tally` VALUES (63, '早晚公交', 4.0000, '2018-06-15 20:33:28', 1);
INSERT INTO `tally` VALUES (64, '哈密瓜（餐饮）', 24.0000, '2018-06-16 20:44:12', 1);
INSERT INTO `tally` VALUES (65, '电脑分期还款（一期）', 2266.3400, '2018-06-17 16:06:14', 1);
INSERT INTO `tally` VALUES (66, '请陈峰吃烧烤（餐饮）', 121.0000, '2018-06-17 20:52:49', 1);
INSERT INTO `tally` VALUES (67, '深夜晚餐 麻辣香锅（餐饮）', 15.0000, '2018-06-17 00:00:00', 1);
INSERT INTO `tally` VALUES (68, '早餐（酱香饼+两个煎饼）', 13.0000, '2018-06-18 08:37:11', 1);
INSERT INTO `tally` VALUES (69, '笔记本剩余全部还款', 4532.6600, '2018-06-18 16:56:48', 1);
INSERT INTO `tally` VALUES (70, '晚餐（餐饮）', 10.8000, '2018-06-18 19:17:33', 1);
INSERT INTO `tally` VALUES (71, '中餐（餐饮）', 10.0000, '2018-06-19 19:55:27', 1);
INSERT INTO `tally` VALUES (72, '面膜（餐饮）', 9.9000, '2018-06-19 19:55:37', 1);
INSERT INTO `tally` VALUES (73, '零食（餐饮）', 46.7000, '2018-06-19 19:56:36', 1);
INSERT INTO `tally` VALUES (74, '早餐（餐饮）', 3.0000, '2018-06-20 19:55:24', 1);
INSERT INTO `tally` VALUES (75, '人民大会堂', 13.0000, '2018-06-20 19:55:37', 1);
INSERT INTO `tally` VALUES (76, '卫生纸', 16.8000, '2018-06-20 19:55:52', 1);
INSERT INTO `tally` VALUES (77, '午餐（餐饮）', 8.0000, '2018-06-20 19:56:02', 1);
INSERT INTO `tally` VALUES (78, '午餐（餐饮）', 9.4000, '2018-06-21 19:49:21', 1);
INSERT INTO `tally` VALUES (79, '早晚公交', 4.0000, '2018-06-21 19:49:33', 1);
INSERT INTO `tally` VALUES (80, '早晚公交', 4.0000, '2018-06-20 00:00:00', 1);
INSERT INTO `tally` VALUES (81, '电费', 32.0000, '2018-06-21 21:22:11', 1);
INSERT INTO `tally` VALUES (82, '午餐（餐饮）', 16.0000, '2018-06-22 19:53:07', 1);
INSERT INTO `tally` VALUES (83, '早晚公交', 4.0000, '2018-06-22 19:53:17', 1);
INSERT INTO `tally` VALUES (84, '饿了吗会员', 10.0000, '2018-06-23 21:46:55', 1);
INSERT INTO `tally` VALUES (85, '外卖（餐饮）', 17.0000, '2018-06-23 21:47:04', 1);
INSERT INTO `tally` VALUES (86, '请朱福成吃饭', 97.0000, '2018-06-23 21:47:25', 1);
INSERT INTO `tally` VALUES (87, '午餐（餐饮）', 6.5000, '2018-06-24 17:25:10', 1);
INSERT INTO `tally` VALUES (88, '5号电池', 6.9000, '2018-06-24 19:56:17', 1);
INSERT INTO `tally` VALUES (89, '早晚公交', 4.0000, '2018-06-25 20:38:41', 1);
INSERT INTO `tally` VALUES (90, '午餐（餐饮）', 10.0000, '2018-06-25 20:38:48', 1);
INSERT INTO `tally` VALUES (91, '早晚公交', 4.0000, '2018-06-26 20:32:14', 1);
INSERT INTO `tally` VALUES (92, '早餐·（餐饮）', 4.5000, '2018-06-26 20:32:22', 1);
INSERT INTO `tally` VALUES (93, '午餐（餐饮）', 12.0000, '2018-06-26 20:32:33', 1);
INSERT INTO `tally` VALUES (94, '凉鞋', 158.0000, '2018-06-26 22:19:07', 1);
INSERT INTO `tally` VALUES (95, '早餐（餐饮）', 9.0000, '2018-06-27 20:24:43', 1);
INSERT INTO `tally` VALUES (96, '午餐（餐饮）', 14.0000, '2018-06-27 20:24:48', 1);
INSERT INTO `tally` VALUES (97, '早晚公交', 4.0000, '2018-06-27 20:24:55', 1);
INSERT INTO `tally` VALUES (98, '早餐（餐饮）', 6.0000, '2018-06-28 20:24:38', 1);
INSERT INTO `tally` VALUES (99, '午餐（餐饮）', 10.0000, '2018-06-28 20:24:47', 1);
INSERT INTO `tally` VALUES (100, '早晚公交', 4.0000, '2018-06-28 20:24:54', 1);
INSERT INTO `tally` VALUES (101, '发朋友（小冤）', 400.0000, '2018-06-29 22:25:34', 1);
INSERT INTO `tally` VALUES (102, '早餐（餐饮）', 2.0000, '2018-06-29 22:25:42', 1);
INSERT INTO `tally` VALUES (103, '午餐（餐饮）', 13.0000, '2018-06-29 22:26:24', 1);
INSERT INTO `tally` VALUES (104, '早晚公交', 4.0000, '2018-06-29 00:00:00', 1);
INSERT INTO `tally` VALUES (105, '早餐（两个鸡肉包+酱香饼）（餐饮）', 7.0000, '2018-06-30 17:22:59', 1);
INSERT INTO `tally` VALUES (106, '晚餐（餐饮）', 12.4700, '2018-06-30 17:23:10', 1);
INSERT INTO `tally` VALUES (107, '外卖（餐饮）', 14.4800, '2018-07-01 12:29:58', 1);
INSERT INTO `tally` VALUES (108, '鸡排*3 中辣+甘梅+番茄酱（餐饮）', 32.5000, '2018-07-01 18:14:03', 1);
INSERT INTO `tally` VALUES (109, '早餐（餐饮）', 2.0000, '2018-07-02 23:27:18', 1);
INSERT INTO `tally` VALUES (110, '午餐（餐饮）', 12.0000, '2018-07-02 23:27:24', 1);
INSERT INTO `tally` VALUES (111, '泳衣泳裤服装）', 109.0000, '2018-07-02 23:28:01', 1);
INSERT INTO `tally` VALUES (112, '早晚公交', 4.0000, '2018-07-02 23:28:13', 1);
INSERT INTO `tally` VALUES (113, '隐形眼镜', 66.3000, '2018-07-03 20:06:46', 1);
INSERT INTO `tally` VALUES (114, '早晚公交', 4.0000, '2018-07-03 20:06:53', 1);
INSERT INTO `tally` VALUES (115, '午餐（餐饮）', 14.0000, '2018-07-03 20:07:02', 1);
INSERT INTO `tally` VALUES (116, '早餐（餐饮）', 3.0000, '2018-07-04 20:49:53', 1);
INSERT INTO `tally` VALUES (117, '午餐（餐饮）', 14.0000, '2018-07-04 20:50:01', 1);
INSERT INTO `tally` VALUES (118, '房租', 1584.0000, '2018-07-04 20:50:21', 1);
INSERT INTO `tally` VALUES (119, '面膜', 8.0000, '2018-07-04 00:00:00', 1);
INSERT INTO `tally` VALUES (120, '小呆呆零食店', 41.9000, '2018-07-05 19:07:45', 1);
INSERT INTO `tally` VALUES (121, '早餐（餐饮）', 3.0000, '2018-07-05 19:07:51', 1);
INSERT INTO `tally` VALUES (122, '午餐（餐饮）', 14.0000, '2018-07-05 19:07:56', 1);
INSERT INTO `tally` VALUES (123, '爱奇艺', 15.0000, '2018-07-05 19:48:52', 1);
INSERT INTO `tally` VALUES (124, '早晚公交', 4.0000, '2018-07-06 19:47:54', 1);
INSERT INTO `tally` VALUES (125, '午餐（餐饮）', 13.0000, '2018-07-06 19:47:59', 1);
INSERT INTO `tally` VALUES (126, '公交+地铁', 8.0000, '2018-07-07 00:00:00', 1);
INSERT INTO `tally` VALUES (127, '两人旱冰', 30.0000, '2018-07-07 00:00:00', 1);
INSERT INTO `tally` VALUES (128, '两人水', 3.4000, '2018-07-07 00:00:00', 1);
INSERT INTO `tally` VALUES (129, '奶枣', 4.0000, '2018-07-07 00:00:00', 1);
INSERT INTO `tally` VALUES (130, '美团红包（餐饮）', 15.0000, '2018-07-08 00:00:00', 1);
INSERT INTO `tally` VALUES (131, '麻辣汤-5（餐饮）', 10.6600, '2018-07-08 15:36:54', 1);
INSERT INTO `tally` VALUES (132, '早餐（餐饮）', 5.0000, '2018-07-09 20:15:20', 1);
INSERT INTO `tally` VALUES (133, '早晚公交', 4.0000, '2018-07-09 20:15:32', 1);
INSERT INTO `tally` VALUES (134, '午餐（餐饮）', 10.0000, '2018-07-09 20:15:41', 1);
INSERT INTO `tally` VALUES (135, '早餐（餐饮）', 4.5000, '2018-07-10 20:10:42', 1);
INSERT INTO `tally` VALUES (136, '午餐（餐饮）', 18.0000, '2018-07-10 20:10:49', 1);
INSERT INTO `tally` VALUES (137, '早晚公交', 4.0000, '2018-07-10 20:10:55', 1);
INSERT INTO `tally` VALUES (138, '一条利群', 145.0000, '2018-07-10 20:12:25', 1);
INSERT INTO `tally` VALUES (139, '早餐（餐饮）', 6.0000, '2018-07-11 20:22:14', 1);
INSERT INTO `tally` VALUES (140, '午餐（餐饮）', 13.0000, '2018-07-11 20:22:21', 1);
INSERT INTO `tally` VALUES (141, '早晚公交', 4.0000, '2018-07-11 20:22:29', 1);
INSERT INTO `tally` VALUES (142, '早晚公交', 4.0000, '2018-07-12 20:00:32', 1);
INSERT INTO `tally` VALUES (143, '早餐（餐饮）', 3.0000, '2018-07-12 20:00:40', 1);
INSERT INTO `tally` VALUES (144, '午餐（餐饮）', 22.0000, '2018-07-12 20:01:31', 1);
INSERT INTO `tally` VALUES (145, '座椅', 326.0000, '2018-07-12 20:03:25', 1);
INSERT INTO `tally` VALUES (146, '叮当快药（丹皮酚软膏+3盒湿毒清片）', 105.0000, '2018-07-12 20:05:10', 1);
INSERT INTO `tally` VALUES (147, '早餐（餐饮）', 6.0000, '2018-07-13 22:35:53', 1);
INSERT INTO `tally` VALUES (148, '午餐（餐饮）', 11.0000, '2018-07-13 00:00:00', 1);
INSERT INTO `tally` VALUES (149, '早晚公交', 4.0000, '2018-07-13 22:36:19', 1);
INSERT INTO `tally` VALUES (150, '蛋包饭', 10.2000, '2018-07-14 09:50:45', 1);
INSERT INTO `tally` VALUES (151, '凉皮（餐饮）', 6.9000, '2018-07-14 15:20:26', 1);
INSERT INTO `tally` VALUES (152, '烧烤（餐饮）', 23.5500, '2018-07-14 18:01:42', 1);
INSERT INTO `tally` VALUES (153, '农夫山泉', 8.5000, '2018-07-14 20:13:59', 1);
INSERT INTO `tally` VALUES (154, '早餐（餐饮）', 7.9000, '2018-07-15 12:44:33', 1);
INSERT INTO `tally` VALUES (155, '午餐（餐饮）', 39.9000, '2018-07-15 12:44:54', 1);
INSERT INTO `tally` VALUES (156, '睡衣', 0.0000, '2018-07-15 00:00:00', 1);
INSERT INTO `tally` VALUES (157, '总消费（衣服（给老爸了）+洗眼睛机）', 531.1000, '2018-07-16 20:28:58', 1);
INSERT INTO `tally` VALUES (158, '早晚公交', 4.0000, '2018-07-16 20:29:11', 1);
INSERT INTO `tally` VALUES (159, '早餐（餐饮）', 6.0000, '2018-07-17 22:29:36', 1);
INSERT INTO `tally` VALUES (160, '午餐（餐饮）', 16.0000, '2018-07-17 22:29:45', 1);
INSERT INTO `tally` VALUES (161, '早晚公交', 4.0000, '2018-07-17 22:29:55', 1);
INSERT INTO `tally` VALUES (162, '早晚公交', 4.0000, '2018-07-18 22:13:55', 1);
INSERT INTO `tally` VALUES (163, '午餐+早餐（餐饮）', 15.0000, '2018-07-18 22:14:44', 1);
INSERT INTO `tally` VALUES (164, '中通快递', 10.0000, '2018-07-18 22:19:20', 1);
INSERT INTO `tally` VALUES (165, '早餐（餐饮）', 3.0000, '2018-07-19 20:11:18', 1);
INSERT INTO `tally` VALUES (166, '午餐（餐饮）', 13.0000, '2018-07-19 20:11:25', 1);
INSERT INTO `tally` VALUES (167, '早晚公交', 4.0000, '2018-07-19 20:11:36', 1);
INSERT INTO `tally` VALUES (168, '面膜', 6.9000, '2018-07-19 20:11:48', 1);
INSERT INTO `tally` VALUES (169, '早餐（餐饮）', 7.0000, '2018-07-20 20:21:07', 1);
INSERT INTO `tally` VALUES (170, '午餐（餐饮）', 13.0000, '2018-07-20 20:21:12', 1);
INSERT INTO `tally` VALUES (171, '早晚公交', 4.0000, '2018-07-20 20:21:18', 1);
INSERT INTO `tally` VALUES (172, '饿了吗会员（餐饮）', 10.0000, '2018-07-21 11:24:27', 1);
INSERT INTO `tally` VALUES (173, '午餐 脆皮鸡（餐饮）', 16.8000, '2018-07-21 11:24:44', 1);
INSERT INTO `tally` VALUES (174, '大餐（餐饮）', 51.7000, '2018-07-21 20:20:05', 1);
INSERT INTO `tally` VALUES (175, '水电', 67.0000, '2018-07-21 20:32:19', 1);
INSERT INTO `tally` VALUES (178, '夫妻肺片（牛肉+猪耳朵）（餐饮）', 43.4000, '2018-07-22 15:01:12', 1);
INSERT INTO `tally` VALUES (179, '早餐（餐饮）', 10.0000, '2018-07-23 19:56:37', 1);
INSERT INTO `tally` VALUES (180, '午餐（餐饮）', 14.0000, '2018-07-23 19:56:43', 1);
INSERT INTO `tally` VALUES (181, '垃圾袋', 10.0000, '2018-07-23 19:56:50', 1);
INSERT INTO `tally` VALUES (182, '5L农夫山泉', 8.0000, '2018-07-23 19:57:04', 1);
INSERT INTO `tally` VALUES (183, '早餐（餐饮）', 12.0000, '2018-07-24 20:29:30', 1);
INSERT INTO `tally` VALUES (184, '中餐（餐饮）', 22.0000, '2018-07-24 20:29:43', 1);
INSERT INTO `tally` VALUES (185, '早晚公交', 4.0000, '2018-07-24 20:29:53', 1);
INSERT INTO `tally` VALUES (186, '早餐（餐饮）', 5.0000, '2018-07-25 20:06:46', 1);
INSERT INTO `tally` VALUES (187, '午餐（餐饮）', 15.0000, '2018-07-25 20:06:53', 1);
INSERT INTO `tally` VALUES (188, '电子称', 30.0000, '2018-07-25 20:07:03', 1);
INSERT INTO `tally` VALUES (189, '早晚公交', 4.0000, '2018-07-25 20:07:12', 1);
INSERT INTO `tally` VALUES (190, '早餐（餐饮）', 9.0000, '2018-07-26 10:27:25', 1);
INSERT INTO `tally` VALUES (191, '早晚公交', 4.0000, '2018-07-26 10:27:36', 1);
INSERT INTO `tally` VALUES (192, '午餐（餐饮）', 15.0000, '2018-07-26 18:12:31', 1);
INSERT INTO `tally` VALUES (193, '早餐（餐饮）', 8.0000, '2018-07-27 10:04:25', 1);
INSERT INTO `tally` VALUES (194, '早晚公交', 4.0000, '2018-07-27 10:04:36', 1);
INSERT INTO `tally` VALUES (195, '回家火车票', 408.0000, '2018-07-29 17:19:42', 1);
INSERT INTO `tally` VALUES (196, '早餐（餐饮）', 3.0000, '2018-07-29 17:19:57', 1);
INSERT INTO `tally` VALUES (197, '火车前吃的（餐饮）', 70.0000, '2018-07-29 17:20:17', 1);
INSERT INTO `tally` VALUES (198, '客车', 10.0000, '2018-07-29 17:20:29', 1);
INSERT INTO `tally` VALUES (199, '房租', 1583.6500, '2018-07-30 15:02:57', 1);
INSERT INTO `tally` VALUES (200, '帮妈妈手机卡剪卡', 5.0000, '2018-07-30 15:03:24', 1);
INSERT INTO `tally` VALUES (201, '给老爸', 1000.0000, '2018-07-30 15:06:03', 1);
INSERT INTO `tally` VALUES (202, '面膜', 9.9000, '2018-07-31 07:01:59', 1);
INSERT INTO `tally` VALUES (203, '回上海火车票', 429.0000, '2018-07-31 00:00:00', 1);
INSERT INTO `tally` VALUES (204, '上火车买吃的（餐饮）', 33.5000, '2018-08-04 15:10:14', 1);
INSERT INTO `tally` VALUES (205, '公交卡充值', 100.0000, '2018-08-04 00:00:00', 1);
INSERT INTO `tally` VALUES (206, '电饭锅（苏泊尔）', 166.0000, '2018-08-05 08:26:44', 1);
INSERT INTO `tally` VALUES (207, '金龙鱼大米（餐饮）', 29.9000, '2018-08-05 09:05:46', 1);
INSERT INTO `tally` VALUES (208, '舒肤佳（家庭装）', 9.9000, '2018-08-05 09:06:06', 1);
INSERT INTO `tally` VALUES (209, '卫生纸75g*10', 10.7000, '2018-08-05 09:06:38', 1);
INSERT INTO `tally` VALUES (210, '拖鞋', 12.9000, '2018-08-05 09:06:53', 1);
INSERT INTO `tally` VALUES (211, '白猫大桶装1.5kg', 11.5000, '2018-08-05 09:07:13', 1);
INSERT INTO `tally` VALUES (212, '香皂盒', 2.9000, '2018-08-05 09:07:35', 1);
INSERT INTO `tally` VALUES (213, '白猫除菌洗衣粉1kg', 9.9000, '2018-08-05 09:08:07', 1);
INSERT INTO `tally` VALUES (214, '刷子', 4.9000, '2018-08-05 09:08:21', 1);
INSERT INTO `tally` VALUES (215, '早餐（餐饮）', 9.0000, '2018-08-06 12:33:16', 1);
INSERT INTO `tally` VALUES (216, '午餐（餐饮）', 14.0000, '2018-08-06 12:33:25', 1);
INSERT INTO `tally` VALUES (217, '早+晚公交', 4.0000, '2018-08-06 12:33:41', 1);
INSERT INTO `tally` VALUES (218, '牡丹一条', 130.0000, '2018-08-06 20:48:11', 1);
INSERT INTO `tally` VALUES (219, '老干妈+豆豉（餐饮）', 19.0000, '2018-08-06 20:48:37', 1);
INSERT INTO `tally` VALUES (220, '早晚公交', 4.0000, '2018-08-07 13:07:58', 1);
INSERT INTO `tally` VALUES (221, '午餐（餐饮）', 16.0000, '2018-08-07 13:08:04', 1);
INSERT INTO `tally` VALUES (222, '午餐（餐饮）', 12.0000, '2018-08-08 11:19:11', 1);
INSERT INTO `tally` VALUES (223, '午餐（餐饮）', 18.0000, '2018-08-09 11:15:44', 1);
INSERT INTO `tally` VALUES (224, '午餐（餐饮）', 13.5000, '2018-08-10 11:56:45', 1);
INSERT INTO `tally` VALUES (225, '家里用钱（买化肥）', 10000.0000, '2018-04-01 00:00:00', 1);
INSERT INTO `tally` VALUES (226, '家里买牛钱', 10000.0000, '2018-05-31 00:00:00', 1);
INSERT INTO `tally` VALUES (227, '巴乐兔房租+押金', 3100.0000, '2018-04-14 00:00:00', 1);
INSERT INTO `tally` VALUES (228, '盛世宝坻房租', 1020.0000, '2018-03-17 00:00:00', 1);
INSERT INTO `tally` VALUES (229, '配眼镜', 1383.0000, '2018-01-07 00:00:00', 1);
INSERT INTO `tally` VALUES (230, '做头发', 463.7900, '2018-01-13 00:00:00', 1);
INSERT INTO `tally` VALUES (231, '上海公交卡充值', 100.0000, '2018-02-23 00:00:00', 1);
INSERT INTO `tally` VALUES (232, '上海公共交通卡充值', 200.0000, '2018-05-29 00:00:00', 1);
INSERT INTO `tally` VALUES (233, '牛仔外衣', 338.0000, '2018-04-26 00:00:00', 1);
INSERT INTO `tally` VALUES (234, '牛仔库大口袋G', 338.0000, '2018-03-15 00:00:00', 1);
INSERT INTO `tally` VALUES (235, '涂鸦短袖', 233.2400, '2018-03-17 00:00:00', 1);
INSERT INTO `tally` VALUES (236, '大麦网-暴走大事件展会', 60.0000, '2018-03-22 00:00:00', 1);
INSERT INTO `tally` VALUES (237, '请陈峰邱折玉吃日本料理（赤坂亭）', 1089.1200, '2018-03-23 00:00:00', 1);
INSERT INTO `tally` VALUES (238, '盛世宝坻房租', 920.0000, '2018-02-21 00:00:00', 1);
INSERT INTO `tally` VALUES (239, '招商还款', 525.0000, '2018-02-05 00:00:00', 1);
INSERT INTO `tally` VALUES (240, '米酒家里邮寄', 252.4000, '2018-01-28 00:00:00', 1);
INSERT INTO `tally` VALUES (241, '回昌图车票（2018年2月21日车票）', 436.0000, '2018-01-23 00:00:00', 1);
INSERT INTO `tally` VALUES (242, '上海公共交通卡充值', 100.0000, '2018-01-20 00:00:00', 1);
INSERT INTO `tally` VALUES (243, '盛世宝坻房租', 780.0000, '2018-01-17 00:00:00', 1);
INSERT INTO `tally` VALUES (244, '乌镇旅游', 447.0000, '2018-04-01 00:00:00', 1);
INSERT INTO `tally` VALUES (245, '五分裤子印花', 331.2400, '2018-05-16 00:00:00', 1);
INSERT INTO `tally` VALUES (246, '朱福成一起共青公园', 70.0000, '2018-05-12 00:00:00', 1);
INSERT INTO `tally` VALUES (247, '学海餐饮', 99.8900, '2018-01-16 00:00:00', 1);
INSERT INTO `tally` VALUES (248, '学海餐饮', 100.0000, '2018-01-24 00:00:00', 1);
INSERT INTO `tally` VALUES (249, '零食辣条邮寄回家', 123.9200, '2018-01-28 00:00:00', 1);
INSERT INTO `tally` VALUES (250, '学海餐饮', 100.0000, '2018-02-24 00:00:00', 1);
INSERT INTO `tally` VALUES (251, '学海餐饮', 100.0000, '2018-02-01 00:00:00', 1);
INSERT INTO `tally` VALUES (252, '学海餐饮', 100.0000, '2018-03-27 00:00:00', 1);
INSERT INTO `tally` VALUES (253, '学海餐饮', 100.0000, '2018-03-21 00:00:00', 1);
INSERT INTO `tally` VALUES (254, '学海餐饮', 100.0000, '2018-03-13 00:00:00', 1);
INSERT INTO `tally` VALUES (255, '学海餐饮', 100.0000, '2018-03-05 00:00:00', 1);
INSERT INTO `tally` VALUES (256, '马克华非半截袖（小了衣服质量不好，扔了）', 148.0000, '2018-04-26 00:00:00', 1);
INSERT INTO `tally` VALUES (257, '学海餐饮', 99.9800, '2018-04-19 00:00:00', 1);
INSERT INTO `tally` VALUES (258, '朱福成吃小龙虾', 188.0000, '2018-04-14 00:00:00', 1);
INSERT INTO `tally` VALUES (259, '学海餐饮', 100.0000, '2018-04-11 00:00:00', 1);
INSERT INTO `tally` VALUES (260, '学海餐饮', 100.0000, '2018-04-03 00:00:00', 1);
INSERT INTO `tally` VALUES (261, '乌镇吃饭平摊', 55.0000, '2018-04-01 00:00:00', 1);
INSERT INTO `tally` VALUES (262, '手机充值', 49.9000, '2018-05-15 00:00:00', 1);
INSERT INTO `tally` VALUES (264, '购物袋', 0.2000, '2018-08-11 11:02:30', 1);
INSERT INTO `tally` VALUES (265, '农夫山泉矿泉水5L', 8.5000, '2018-08-11 11:03:07', 1);
INSERT INTO `tally` VALUES (266, '吉香居下饭菜（餐饮）', 12.9000, '2018-08-11 11:04:16', 1);
INSERT INTO `tally` VALUES (267, '咸亨红方腐乳', 8.9000, '2018-08-11 11:05:03', 1);
INSERT INTO `tally` VALUES (268, '午餐（餐饮）', 14.0000, '2018-08-13 14:08:38', 1);
INSERT INTO `tally` VALUES (269, '午餐（餐饮）', 14.0000, '2018-08-14 13:57:19', 1);
INSERT INTO `tally` VALUES (270, '借出钱，不知还不还', 500.0000, '2018-08-13 00:00:00', 1);
INSERT INTO `tally` VALUES (271, '午餐（餐饮）', 11.7500, '2018-08-15 00:00:00', 1);
INSERT INTO `tally` VALUES (272, '专升本', 10000.0000, '2018-08-15 17:08:52', 1);
INSERT INTO `tally` VALUES (273, '9月份房租', 1583.8000, '2018-08-16 10:22:09', 1);
INSERT INTO `tally` VALUES (274, '午餐（餐饮）', 12.0000, '2018-08-16 11:19:54', 1);
INSERT INTO `tally` VALUES (275, '支付宝转出', 100.0000, '2018-08-17 08:10:36', 1);
INSERT INTO `tally` VALUES (276, '午餐（餐饮）', 14.0000, '2018-08-17 00:00:00', 1);
INSERT INTO `tally` VALUES (277, '拌饭酱+5L水农夫山泉（餐饮）', 20.0000, '2018-08-17 19:55:01', 1);
INSERT INTO `tally` VALUES (278, '电费', 123.0000, '2018-08-19 15:52:50', 1);
INSERT INTO `tally` VALUES (279, '早餐（餐饮）', 10.0000, '2018-08-20 20:39:05', 1);
INSERT INTO `tally` VALUES (280, '午餐（餐饮）', 14.0000, '2018-08-20 20:39:13', 1);
INSERT INTO `tally` VALUES (281, '零食（其他）', 121.0000, '2018-08-20 20:39:29', 1);
INSERT INTO `tally` VALUES (282, '早餐', 10.0000, '2018-08-21 19:40:38', 1);
INSERT INTO `tally` VALUES (283, '午餐', 18.0000, '2018-08-21 19:47:08', 1);
INSERT INTO `tally` VALUES (284, '请办事亲戚吃饭', 300.0000, '2018-08-24 00:00:00', 1);
INSERT INTO `tally` VALUES (285, '请办事亲戚吃饭', 200.0000, '2018-08-30 00:00:00', 1);
INSERT INTO `tally` VALUES (286, '请办事亲戚吃饭', 95.0000, '2018-09-17 00:00:00', 1);
INSERT INTO `tally` VALUES (287, '给老妈充电话费', 100.0000, '2018-09-17 00:00:00', 1);
INSERT INTO `tally` VALUES (288, '往182手机充电话费', 50.0000, '2018-09-19 00:00:00', 1);
INSERT INTO `tally` VALUES (289, '打包带回米线', 22.0000, '2018-09-18 00:00:00', 1);
INSERT INTO `tally` VALUES (290, '水电费', 141.0000, '2018-09-22 22:05:14', 1);
INSERT INTO `tally` VALUES (291, '给老妈买药', 850.0000, '2018-09-14 00:00:00', 1);
INSERT INTO `tally` VALUES (292, '回上海火车票', 240.0000, '2018-09-18 00:00:00', 1);
INSERT INTO `tally` VALUES (293, '回上海乘车零食', 38.3000, '2018-09-19 00:00:00', 1);
INSERT INTO `tally` VALUES (294, '回上海中午昌图家和美四楼灌汤包不好吃', 12.0000, '2018-09-19 00:00:00', 1);
INSERT INTO `tally` VALUES (295, '回上海火车票10月7日沈北上车', 229.0000, '2018-09-21 00:00:00', 1);
INSERT INTO `tally` VALUES (296, '农夫山泉矿泉水', 8.5000, '2018-09-22 22:15:07', 1);
INSERT INTO `tally` VALUES (297, '行李箱', 389.0000, '2018-09-22 22:15:24', 1);
INSERT INTO `tally` VALUES (298, '手机荣耀9i', 1699.0000, '2018-09-08 00:00:00', 1);
INSERT INTO `tally` VALUES (299, '农夫山泉', 8.5000, '2018-09-23 00:00:00', 1);
INSERT INTO `tally` VALUES (300, '4盒七匹狼', 30.0000, '2018-09-24 13:19:03', 1);
INSERT INTO `tally` VALUES (301, '支付宝', 12.0000, '2018-09-26 00:00:00', 1);
INSERT INTO `tally` VALUES (302, '支付宝', 14.0000, '2018-09-26 00:00:00', 1);
INSERT INTO `tally` VALUES (303, '房租', 1584.0000, '2018-09-27 00:00:00', 1);
INSERT INTO `tally` VALUES (304, '午饭', 13.0000, '2018-09-27 00:00:00', 1);
INSERT INTO `tally` VALUES (305, '火车票回去', 428.0000, '2018-09-29 00:00:00', 1);
INSERT INTO `tally` VALUES (306, '午餐', 16.0000, '2018-09-29 00:00:00', 1);
INSERT INTO `tally` VALUES (307, '支付宝', 30.0000, '2018-09-30 00:00:00', 1);
INSERT INTO `tally` VALUES (308, '火车吃饭', 57.1000, '2018-09-30 00:00:00', 1);
INSERT INTO `tally` VALUES (309, '支付宝', 18.5000, '2018-10-05 00:00:00', 1);
INSERT INTO `tally` VALUES (310, '午餐', 5.0000, '2018-10-09 00:00:00', 1);
INSERT INTO `tally` VALUES (311, '柴米油盐', 277.1000, '2018-10-10 00:00:00', 1);
INSERT INTO `tally` VALUES (312, '材料', 89.0000, '2018-10-14 00:00:00', 1);
INSERT INTO `tally` VALUES (313, '平底锅', 35.9000, '2018-10-15 00:00:00', 1);
INSERT INTO `tally` VALUES (314, '烤冷面', 9.9000, '2018-10-16 00:00:00', 1);
INSERT INTO `tally` VALUES (315, '被子', 39.0000, '2018-10-18 00:00:00', 1);
INSERT INTO `tally` VALUES (316, '鸡蛋+土豆', 9.2000, '2018-10-20 00:00:00', 1);
INSERT INTO `tally` VALUES (317, '两个小柚子', 10.0000, '2018-10-13 00:00:00', 1);
INSERT INTO `tally` VALUES (318, '菜板', 12.9000, '2018-10-13 00:00:00', 1);
INSERT INTO `tally` VALUES (319, '保温袋便当袋', 7.0000, '2018-10-12 00:00:00', 1);
INSERT INTO `tally` VALUES (320, '黄瓜一根', 2.2100, '2018-10-18 00:00:00', 1);
INSERT INTO `tally` VALUES (321, '支付宝淘宝优惠保温杯顶16.8元', 1.8000, '2018-10-20 00:00:00', 1);
INSERT INTO `tally` VALUES (322, '支付宝新人优惠话费顶10元', 0.0100, '2018-10-20 00:00:00', 1);
INSERT INTO `tally` VALUES (323, '支付宝淘宝优惠卡包顶15.8元', 0.0000, '2018-10-20 00:00:00', 1);
INSERT INTO `tally` VALUES (324, '支付宝新人优惠花呗话费顶10元', 1.9800, '2018-10-20 00:00:00', 1);
INSERT INTO `tally` VALUES (325, '支付宝淘宝金龙鱼大米顶29.9', 13.5400, '2018-10-23 22:34:07', 1);
INSERT INTO `tally` VALUES (326, '支付宝淘宝优惠卫生纸顶15元', 0.0100, '2018-10-23 22:35:24', 1);
INSERT INTO `tally` VALUES (327, '水电费', 85.0000, '2018-10-26 00:00:00', 1);
INSERT INTO `tally` VALUES (328, '鸡蛋+火腿肠', 22.7600, '2018-10-27 19:25:24', 1);
INSERT INTO `tally` VALUES (329, '黄瓜+青椒', 3.8800, '2018-10-29 21:14:44', 1);
INSERT INTO `tally` VALUES (330, '哈德门一条', 50.0000, '2018-10-29 21:15:13', 1);
INSERT INTO `tally` VALUES (331, '青椒加油方', 6.1800, '2018-11-01 22:30:36', 1);
INSERT INTO `tally` VALUES (332, '理发卡充值300增50', 300.0000, '2018-11-03 17:06:51', 1);
INSERT INTO `tally` VALUES (333, '金龙鱼4L油', 40.9000, '2018-11-03 17:09:43', 1);
INSERT INTO `tally` VALUES (334, '橘子', 12.5000, '2018-11-03 17:10:08', 1);
INSERT INTO `tally` VALUES (335, '鸡蛋', 6.0000, '2018-11-03 17:10:27', 1);
INSERT INTO `tally` VALUES (336, '牛心菜', 1.7000, '2018-11-03 17:10:54', 1);
INSERT INTO `tally` VALUES (337, '青椒黄瓜', 5.4400, '2018-11-07 23:27:47', 1);
INSERT INTO `tally` VALUES (338, '公交卡充值', 200.0000, '2018-11-08 22:35:52', 1);
INSERT INTO `tally` VALUES (339, '房租', 1584.0000, '2018-11-08 22:37:04', 1);
INSERT INTO `tally` VALUES (340, ' 【双11狂欢价】GENANX闪电潮牌牛仔裤男潮流韩版宽松2018拼接裤子男街头风牛仔裤 [交易快照]', 300.2000, '2018-11-11 01:15:50', 1);
INSERT INTO `tally` VALUES (341, ' 【双11狂欢价】GENANX闪电潮牌情侣卫衣冬季2018新款加绒加厚印花连帽卫衣bf风 ', 300.1900, '2018-11-11 01:16:54', 1);
INSERT INTO `tally` VALUES (342, '【双11狂欢价】GENANX闪电潮牌青少年毛衣男韩版潮流日系复古学生款帅气时尚内搭 ', 178.6100, '2018-11-11 01:17:28', 1);
INSERT INTO `tally` VALUES (343, '【双11狂欢价】李宁男子2017新款韦德飒缪Ⅱ减震篮球文化鞋男运动鞋ABCM047 ', 208.0000, '2018-11-11 01:18:01', 1);
INSERT INTO `tally` VALUES (344, '【双11狂欢价】GENANX闪电潮牌大毛领外套男2018新款嘻哈印花宽松加绒冬季棉衣 ', 678.0000, '2018-11-11 01:18:35', 1);
INSERT INTO `tally` VALUES (345, '【双11狂欢价】杰威尔发泥发蜡男士定型自然蓬松碎发油头膏奶奶灰头发造型不伤发', 29.0000, '2018-11-11 01:19:05', 1);
INSERT INTO `tally` VALUES (346, '【双11狂欢价】欧莱雅男士劲能醒肤露补水滋润保湿润肤护肤品擦脸油乳液面霜正品 ', 79.9000, '2018-11-11 01:19:37', 1);
INSERT INTO `tally` VALUES (347, '两根黄瓜+一颗卷心菜+2根胡罗卜', 10.0000, '2018-11-11 16:51:07', 1);
INSERT INTO `tally` VALUES (348, '里脊肉1斤多', 27.0000, '2018-11-11 16:51:27', 1);
INSERT INTO `tally` VALUES (349, '土豆淀粉+白糖+牙膏', 16.7000, '2018-11-11 16:52:21', 1);
INSERT INTO `tally` VALUES (351, '鸡蛋', 8.8000, '2018-11-12 21:33:47', 1);
INSERT INTO `tally` VALUES (352, '哈德门一条', 50.0000, '2018-11-12 21:34:02', 1);
INSERT INTO `tally` VALUES (353, '3跟黄瓜+一根茄子+3跟青椒+方火腿2根+大桶5L矿泉水', 27.5200, '2018-11-17 12:33:36', 1);
INSERT INTO `tally` VALUES (354, '洗衣袋小中大粗孔', 9.4400, '2018-11-18 17:46:09', 1);
INSERT INTO `tally` VALUES (356, '番茄酱+黄瓜+辣椒+火腿+鸡蛋', 29.6300, '2018-11-24 00:00:00', 1);
INSERT INTO `tally` VALUES (357, '农夫山泉5L', 8.4000, '2018-11-27 19:53:40', 1);
INSERT INTO `tally` VALUES (358, '水电', 86.0000, '2018-11-27 20:40:36', 1);
INSERT INTO `tally` VALUES (359, '哈德门一条', 50.0000, '2018-11-28 20:39:13', 1);
INSERT INTO `tally` VALUES (360, '大米，白面，酵母，孜然，白醋，一次性手套，耗油，鸡精，擀面杖', 88.0000, '2018-11-29 23:13:06', 1);
INSERT INTO `tally` VALUES (361, '韭菜，鸡蛋，土豆，青椒，黄瓜', 20.0000, '2018-12-01 18:44:30', 1);
INSERT INTO `tally` VALUES (362, '散装牛丸火腿鱼丸+农夫山泉5L+鸡蛋+4根光瓜+青椒+土豆+火锅底料（本次公司补贴50 跟朋友吃火锅总计之后消费）', 36.7800, '2018-12-08 14:51:44', 1);
INSERT INTO `tally` VALUES (363, '房租', 1584.0000, '2018-12-09 07:27:21', 1);
INSERT INTO `tally` VALUES (364, '防臭鞋垫', 15.8000, '2018-12-12 21:03:11', 1);
INSERT INTO `tally` VALUES (365, '保暖内衣薄一套', 79.0000, '2018-12-12 21:04:21', 1);
INSERT INTO `tally` VALUES (366, '厚保暖秋裤', 69.0000, '2018-12-12 21:04:38', 1);
INSERT INTO `tally` VALUES (367, '口罩两只', 21.8000, '2018-12-12 21:05:37', 1);
INSERT INTO `tally` VALUES (368, '耳包子两只', 10.9000, '2018-12-12 21:06:06', 1);
INSERT INTO `tally` VALUES (369, '手套', 18.9000, '2018-12-12 21:06:16', 1);
INSERT INTO `tally` VALUES (370, '哈德门8包', 40.0000, '2018-12-13 21:11:34', 1);
INSERT INTO `tally` VALUES (371, '买菜+鸡蛋', 25.0000, '2018-12-15 00:00:00', 1);
INSERT INTO `tally` VALUES (372, '生日不亏待自己（拿铁+鸡排+肉松蛋糕）', 35.9000, '2018-12-17 21:11:22', 1);
INSERT INTO `tally` VALUES (373, '大桶农夫山泉', 8.5000, '2018-12-17 21:11:39', 1);

-- ----------------------------
-- Table structure for user
-- ----------------------------
DROP TABLE IF EXISTS `user`;
CREATE TABLE `user`  (
  `id` int(11) NOT NULL AUTO_INCREMENT,
  `userName` varchar(20) CHARACTER SET utf8 COLLATE utf8_general_ci NOT NULL COMMENT '用户名',
  `createDate` datetime(0) NOT NULL DEFAULT CURRENT_TIMESTAMP COMMENT '建立日期',
  `createUser` int(11) NOT NULL DEFAULT -1 COMMENT '建立者',
  `updateDate` datetime(0) NOT NULL DEFAULT CURRENT_TIMESTAMP COMMENT '更新时间',
  `updateUser` int(11) NOT NULL DEFAULT -1 COMMENT '更新者',
  `disabledFlag` tinyint(4) NOT NULL DEFAULT 0 COMMENT '禁用标志',
  `disabledDate` datetime(0) DEFAULT NULL COMMENT '禁用时间',
  `faceImage` varchar(200) CHARACTER SET utf8 COLLATE utf8_general_ci NOT NULL DEFAULT '',
  `loginName` varchar(50) CHARACTER SET utf8 COLLATE utf8_general_ci NOT NULL DEFAULT '' COMMENT '登录账号',
  `passWord` varchar(255) CHARACTER SET utf8 COLLATE utf8_general_ci DEFAULT NULL,
  `phone` varchar(20) CHARACTER SET utf8 COLLATE utf8_general_ci DEFAULT NULL COMMENT '手机号',
  PRIMARY KEY (`id`) USING BTREE
) ENGINE = InnoDB AUTO_INCREMENT = 9 CHARACTER SET = utf8 COLLATE = utf8_general_ci ROW_FORMAT = Dynamic;

-- ----------------------------
-- Records of user
-- ----------------------------
INSERT INTO `user` VALUES (1, '张小雨', '2018-08-13 14:09:29', 1, '2018-07-13 15:59:27', 1, 0, '2018-04-17 17:34:23', '/2018-02-24/11519437738461girl2.jpg', '1', '1', '13918479905');
INSERT INTO `user` VALUES (7, '2', '2018-09-24 17:45:59', -1, '2018-11-18 17:50:31', -1, 0, NULL, '', '2', '2', NULL);
INSERT INTO `user` VALUES (8, '3', '2018-10-20 20:40:02', -1, '2018-10-20 20:40:02', -1, 0, NULL, '', '3', '3', '3');

-- ----------------------------
-- Table structure for userrole
-- ----------------------------
DROP TABLE IF EXISTS `userrole`;
CREATE TABLE `userrole`  (
  `roleId` int(11) NOT NULL COMMENT '角色id',
  `userId` int(11) NOT NULL COMMENT '用户Id'
) ENGINE = InnoDB CHARACTER SET = utf8 COLLATE = utf8_general_ci ROW_FORMAT = Dynamic;

-- ----------------------------
-- Records of userrole
-- ----------------------------
INSERT INTO `userrole` VALUES (1, 1);
INSERT INTO `userrole` VALUES (4, 116);
INSERT INTO `userrole` VALUES (2, 8);
INSERT INTO `userrole` VALUES (4, 7);

SET FOREIGN_KEY_CHECKS = 1;
